{
  "Questions": [
    {
      "Question": "What is your favorite kind of bread?",
      "options": ["Option 1 Oat bread", "Option 2 Banana bread", " Option 3 Raisin bread",
                  "Option 4 Wheat bread", "Option 5 Rye bread"
                 ],
      "valid_Options":["Option one", "Option two", "Option three",
                       "Option four", "Option five"
                      ]
    },

    {
      "Question": "What is your favorite cheese?",
      "options": ["Option 1  Feta cheese", "Option 2 Blue cheese", "Option 3 Cheddar cheese",
                  "Option 4 Gouda cheese", "Option 5 Cream cheese"
                 ],
      "valid_Options":["Option one", "Option two", "Option three",
                       "Option four", "Option five"
                      ]

    },

    {
      "Question": "What is your favorite beverage?",
      "options": ["Option 1 Coffee", "Option 2 Tea", "Option 3 Juice",
                  "Option 4 Soda", "Option 5 milkshake"
                 ],
      "valid_Options":["Option one", "Option two", "Option three",
                       "Option four", "Option five"
                      ]
    },

    {
      "Question": "Do you like jazz?",
      "options": ["Option 1 no", "Option 2 yes"],
      "valid_Options":["Option one", "Option two"]
    }
  ]

}
