{
    "interactionModel": {
        "languageModel": {
            "invocationName": "cognito form",
            "intents": [
                {
                    "name": "AMAZON.FallbackIntent",
                    "samples": []
                },
                {
                    "name": "AMAZON.CancelIntent",
                    "samples": []
                },
                {
                    "name": "AMAZON.HelpIntent",
                    "samples": []
                },
                {
                    "name": "AMAZON.StopIntent",
                    "samples": [
                        "exit"
                    ]
                },
                {
                    "name": "AMAZON.NavigateHomeIntent",
                    "samples": []
                },
                {
                    "name": "GetNewFormIntent",
                    "slots": [],
                    "samples": [
                        "to show form",
                        "to add form",
                        "to get form",
                        "show me form",
                        "give me form",
                        "get new form",
                        "get form"
                    ]
                },
                {
                    "name": "nextQuestionIntent",
                    "slots": [],
                    "samples": [
                        "anymore questions",
                        "next",
                        "next question"
                    ]
                },
                {
                    "name": "answerIntent",
                    "slots": [
                        {
                            "name": "number",
                            "type": "AMAZON.NUMBER"
                        }
                    ],
                    "samples": [
                        "option {number}"
                    ]
                },
                {
                    "name": "repromptIntent",
                    "slots": [],
                    "samples": [
                        "reprompt"
                    ]
                },
                {
                    "name": "submitIntent",
                    "slots": [],
                    "samples": [
                        "submit form"
                    ]
                }
            ],
            "types": []
        },
        "dialog": {
            "intents": [
                {
                    "name": "answerIntent",
                    "confirmationRequired": false,
                    "prompts": {},
                    "slots": [
                        {
                            "name": "number",
                            "type": "AMAZON.NUMBER",
                            "confirmationRequired": false,
                            "elicitationRequired": true,
                            "prompts": {
                                "elicitation": "Elicit.Slot.320058184487.1149066116793"
                            }
                        }
                    ]
                }
            ]
        },
        "prompts": [
            {
                "id": "Elicit.Slot.320058184487.1149066116793",
                "variations": [
                    {
                        "type": "PlainText",
                        "value": "tell me an option"
                    }
                ]
            }
        ]
    }
}
