{
    "interactionModel": {
        "languageModel": {
            "invocationName": "cognito",
            "intents": [
                {
                    "name": "AMAZON.FallbackIntent",
                    "samples": []
                },
                {
                    "name": "AMAZON.CancelIntent",
                    "samples": []
                },
                {
                    "name": "AMAZON.HelpIntent",
                    "samples": []
                },
                {
                    "name": "AMAZON.StopIntent",
                    "samples": [
                        "exit"
                    ]
                },
                {
                    "name": "AMAZON.NavigateHomeIntent",
                    "samples": []
                },
                {
                    "name": "GetNewFormIntent",
                    "slots": [
                        {
                            "name": "form_name",
                            "type": "AMAZON.SearchQuery",
                            "samples": [
                                "{form_name} form",
                                "{form_name}"
                            ]
                        }
                    ],
                    "samples": [
                        "to show form {form_name}",
                        "to add form {form_name}",
                        "to get form {form_name}",
                        "show me form {form_name}",
                        "give me form {form_name}",
                        "get new form {form_name}",
                        "get form {form_name}"
                    ]
                },
                {
                    "name": "nextQuestionIntent",
                    "slots": [],
                    "samples": [
                        "anymore questions",
                        "next",
                        "next question"
                    ]
                },
                {
                    "name": "answerIntent",
                    "slots": [
                        {
                            "name": "response",
                            "type": "AMAZON.SearchQuery"
                        }
                    ],
                    "samples": [
                        "answer {response}"
                    ]
                },
                {
                    "name": "repromptIntent",
                    "slots": [],
                    "samples": [
                        "reprompt"
                    ]
                },
                {
                    "name": "AMAZON.YesIntent",
                    "samples": [
                        "yes",
                        "yes please",
                        "sure"
                    ]
                },
                {
                    "name": "AMAZON.NoIntent",
                    "samples": [
                        "no",
                        "no thanks"
                    ]
                },
                {
                    "name": "repeatAnswerIntent",
                    "slots": [],
                    "samples": [
                        "repeat form answers",
                        "repeat my answers",
                        "repeat answers"
                    ]
                },
                {
                    "name": "submitIntent",
                    "slots": [],
                    "samples": [
                        "submit form"
                    ]
                }
            ],
            "types": []
        },
        "dialog": {
            "intents": [
                {
                    "name": "answerIntent",
                    "confirmationRequired": false,
                    "prompts": {},
                    "slots": [
                        {
                            "name": "response",
                            "type": "AMAZON.SearchQuery",
                            "confirmationRequired": false,
                            "elicitationRequired": false,
                            "prompts": {}
                        }
                    ]
                },
                {
                    "name": "GetNewFormIntent",
                    "confirmationRequired": false,
                    "prompts": {},
                    "slots": [
                        {
                            "name": "form_name",
                            "type": "AMAZON.SearchQuery",
                            "confirmationRequired": false,
                            "elicitationRequired": true,
                            "prompts": {
                                "elicitation": "Elicit.Slot.1448191672376.743314090488"
                            }
                        }
                    ]
                }
            ],
            "delegationStrategy": "SKILL_RESPONSE"
        },
        "prompts": [
            {
                "id": "Elicit.Slot.320058184487.1149066116793",
                "variations": [
                    {
                        "type": "PlainText",
                        "value": "tell me an option"
                    }
                ]
            },
            {
                "id": "Elicit.Slot.1448191672376.743314090488",
                "variations": [
                    {
                        "type": "PlainText",
                        "value": "please give me a form name."
                    }
                ]
            }
        ]
    }
}
